[
    {
        "booking_id": "00001",
        "full_name": "Trần Thị B",
        "phone": "09183418742",
        "arrival": "2025-05-19",
        "departure": "2025-05-21",
        "adults": 3,
        "children": 1,
        "room_type": "Classic Room",
        "room_id": 101,
        "total_price": 4800000
    },
    {
        "booking_id": "00002",
        "full_name": "Lê Văn C",
        "phone": "09313025054",
        "arrival": "2025-05-04",
        "departure": "2025-05-08",
        "adults": 3,
        "children": 1,
        "room_type": "Classic Room",
        "room_id": 105,
        "total_price": 9600000
    },
    {
        "booking_id": "00003",
        "full_name": "Hoàng Minh D",
        "phone": "09649137602",
        "arrival": "2025-05-16",
        "departure": "2025-05-20",
        "adults": 3,
        "children": 0,
        "room_type": "Classic Room",
        "room_id": 108,
        "total_price": 9600000
    },
    {
        "booking_id": "00004",
        "full_name": "Phạm Văn E",
        "phone": "09429539848",
        "arrival": "2025-05-08",
        "departure": "2025-05-12",
        "adults": 3,
        "children": 1,
        "room_type": "Classic Room",
        "room_id": 201,
        "total_price": 9600000
    },
    {
        "booking_id": "00005",
        "full_name": "Đinh Thị F",
        "phone": "09560759522",
        "arrival": "2025-05-04",
        "departure": "2025-05-07",
        "adults": 2,
        "children": 2,
        "room_type": "Classic Room",
        "room_id": 205,
        "total_price": 7200000
    },
    {
        "booking_id": "00006",
        "full_name": "Ngô Minh G",
        "phone": "09547212037",
        "arrival": "2025-05-17",
        "departure": "2025-05-20",
        "adults": 1,
        "children": 2,
        "room_type": "Classic Room",
        "room_id": 207,
        "total_price": 7200000
    },
    {
        "booking_id": "00007",
        "full_name": "Huỳnh Văn H",
        "phone": "09479314156",
        "arrival": "2025-05-05",
        "departure": "2025-05-06",
        "adults": 2,
        "children": 2,
        "room_type": "Classic Room",
        "room_id": 307,
        "total_price": 2400000
    },
    {
        "booking_id": "00008",
        "full_name": "Lý Thị I",
        "phone": "09602580825",
        "arrival": "2025-05-10",
        "departure": "2025-05-12",
        "adults": 1,
        "children": 1,
        "room_type": "Deluxe Room",
        "room_id": 401,
        "total_price": 5200000
    },
    {
        "booking_id": "00009",
        "full_name": "Vũ Văn J",
        "phone": "09359452575",
        "arrival": "2025-05-18",
        "departure": "2025-05-21",
        "adults": 4,
        "children": 1,
        "room_type": "Deluxe Room",
        "room_id": 402,
        "total_price": 7800000
    },
    {
        "booking_id": "00010",
        "full_name": "Nguyễn Thị K",
        "phone": "09393432189",
        "arrival": "2025-05-04",
        "departure": "2025-05-07",
        "adults": 1,
        "children": 0,
        "room_type": "Deluxe Room",
        "room_id": 403,
        "total_price": 7800000
    },
    {
        "booking_id": "00011",
        "full_name": "Phạm Minh L",
        "phone": "09643174925",
        "arrival": "2025-05-12",
        "departure": "2025-05-14",
        "adults": 4,
        "children": 0,
        "room_type": "Deluxe Room",
        "room_id": 405,
        "total_price": 5200000
    },
    {
        "booking_id": "00012",
        "full_name": "Lê Thị M",
        "phone": "09142099850",
        "arrival": "2025-05-03",
        "departure": "2025-05-05",
        "adults": 3,
        "children": 2,
        "room_type": "Deluxe Room",
        "room_id": 507,
        "total_price": 5200000
    },
    {
        "booking_id": "00013",
        "full_name": "Bùi Văn N",
        "phone": "09924347751",
        "arrival": "2025-05-10",
        "departure": "2025-05-13",
        "adults": 3,
        "children": 1,
        "room_type": "Deluxe Room",
        "room_id": 601,
        "total_price": 7800000
    },
    {
        "booking_id": "00014",
        "full_name": "Hồ Thị O",
        "phone": "09867884491",
        "arrival": "2025-05-19",
        "departure": "2025-05-23",
        "adults": 1,
        "children": 0,
        "room_type": "Deluxe Room",
        "room_id": 603,
        "total_price": 10400000
    },
    {
        "booking_id": "00015",
        "full_name": "Đào Văn P",
        "phone": "09943428550",
        "arrival": "2025-05-11",
        "departure": "2025-05-13",
        "adults": 1,
        "children": 2,
        "room_type": "Family Room",
        "room_id": 701,
        "total_price": 6000000
    },
    {
        "booking_id": "00016",
        "full_name": "Đặng Thị Q",
        "phone": "09499490205",
        "arrival": "2025-05-19",
        "departure": "2025-05-21",
        "adults": 4,
        "children": 2,
        "room_type": "Family Room",
        "room_id": 702,
        "total_price": 6000000
    },
    {
        "booking_id": "00017",
        "full_name": "Trịnh Văn R",
        "phone": "09930910734",
        "arrival": "2025-05-05",
        "departure": "2025-05-07",
        "adults": 2,
        "children": 0,
        "room_type": "Family Room",
        "room_id": 703,
        "total_price": 6000000
    },
    {
        "booking_id": "00018",
        "full_name": "Nguyễn Minh S",
        "phone": "09178871747",
        "arrival": "2025-05-06",
        "departure": "2025-05-09",
        "adults": 1,
        "children": 2,
        "room_type": "Family Room",
        "room_id": 706,
        "total_price": 9000000
    },
    {
        "booking_id": "00019",
        "full_name": "Trần Văn T",
        "phone": "09202126596",
        "arrival": "2025-05-01",
        "departure": "2025-05-03",
        "adults": 3,
        "children": 1,
        "room_type": "Family Room",
        "room_id": 707,
        "total_price": 6000000
    },
    {
        "booking_id": "00020",
        "full_name": "Nguyễn Văn A",
        "phone": "09909598562",
        "arrival": "2025-05-15",
        "departure": "2025-05-18",
        "adults": 2,
        "children": 1,
        "room_type": "Family Room",
        "room_id": 801,
        "total_price": 9000000
    },
    {
        "booking_id": "00021",
        "full_name": "Trần Thị B",
        "phone": "09849236239",
        "arrival": "2025-05-14",
        "departure": "2025-05-17",
        "adults": 1,
        "children": 0,
        "room_type": "Master Suite",
        "room_id": 901,
        "total_price": 15000000
    },
    {
        "booking_id": "00022",
        "full_name": "Lê Văn C",
        "phone": "09612935507",
        "arrival": "2025-05-09",
        "departure": "2025-05-13",
        "adults": 4,
        "children": 0,
        "room_type": "Master Suite",
        "room_id": 902,
        "total_price": 20000000
    },
    {
        "booking_id": "00023",
        "full_name": "Hoàng Minh D",
        "phone": "09738391677",
        "arrival": "2025-05-10",
        "departure": "2025-05-11",
        "adults": 2,
        "children": 2,
        "room_type": "Master Suite",
        "room_id": 904,
        "total_price": 5000000
    },
    {
        "booking_id": "00024",
        "full_name": "Phạm Văn E",
        "phone": "09202522379",
        "arrival": "2025-05-15",
        "departure": "2025-05-20",
        "adults": 1,
        "children": 2,
        "room_type": "Master Suite",
        "room_id": 905,
        "total_price": 25000000
    },
    {
        "booking_id": "00025",
        "full_name": "Đinh Thị F",
        "phone": "09945714526",
        "arrival": "2025-05-02",
        "departure": "2025-05-07",
        "adults": 4,
        "children": 0,
        "room_type": "Master Suite",
        "room_id": 1003,
        "total_price": 25000000
    },
    {
        "booking_id": "00026",
        "full_name": "Ngô Minh G",
        "phone": "09741361645",
        "arrival": "2025-05-08",
        "departure": "2025-05-11",
        "adults": 2,
        "children": 2,
        "room_type": "Master Suite",
        "room_id": 1006,
        "total_price": 15000000
    },
    {
        "booking_id": "00027",
        "full_name": "Huỳnh Văn H",
        "phone": "09569292015",
        "arrival": "2025-05-10",
        "departure": "2025-05-15",
        "adults": 3,
        "children": 2,
        "room_type": "Master Suite",
        "room_id": 1008,
        "total_price": 25000000
    },
    {
        "booking_id": "00028",
        "full_name": "Trường Thy",
        "phone_number": "0123456789",
        "arrival_date": "2025-03-28",
        "departure_date": "2025-03-30",
        "adults": 1,
        "children": 0,
        "room_type": "DELUXE ROOM"
    }
]