[
    {
        "booking_id": "00001",
        "full_name": "Trần Thị B",
        "phone": "09183418742"
    },
    {
        "booking_id": "00002",
        "full_name": "Lê Văn C",
        "phone": "09313025054"
    },
    {
        "booking_id": "00003",
        "full_name": "Hoàng Minh D",
        "phone": "09649137602"
    },
    {
        "booking_id": "00004",
        "full_name": "Phạm Văn E",
        "phone": "09429539848"
    },
    {
        "booking_id": "00005",
        "full_name": "Đinh Thị F",
        "phone": "09560759522"
    },
    {
        "booking_id": "00006",
        "full_name": "Ngô Minh G",
        "phone": "09547212037"
    },
    {
        "booking_id": "00007",
        "full_name": "Huỳnh Văn H",
        "phone": "09479314156"
    },
    {
        "booking_id": "00008",
        "full_name": "Lý Thị I",
        "phone": "09602580825"
    },
    {
        "booking_id": "00009",
        "full_name": "Vũ Văn J",
        "phone": "09359452575"
    },
    {
        "booking_id": "00010",
        "full_name": "Nguyễn Thị K",
        "phone": "09393432189"
    },
    {
        "booking_id": "00011",
        "full_name": "Phạm Minh L",
        "phone": "09643174925"
    },
    {
        "booking_id": "00012",
        "full_name": "Lê Thị M",
        "phone": "09142099850"
    },
    {
        "booking_id": "00013",
        "full_name": "Bùi Văn N",
        "phone": "09924347751"
    },
    {
        "booking_id": "00014",
        "full_name": "Hồ Thị O",
        "phone": "09867884491"
    },
    {
        "booking_id": "00015",
        "full_name": "Đào Văn P",
        "phone": "09943428550"
    },
    {
        "booking_id": "00016",
        "full_name": "Đặng Thị Q",
        "phone": "09499490205"
    },
    {
        "booking_id": "00017",
        "full_name": "Trịnh Văn R",
        "phone": "09930910734"
    },
    {
        "booking_id": "00018",
        "full_name": "Nguyễn Minh S",
        "phone": "09178871747"
    },
    {
        "booking_id": "00019",
        "full_name": "Trần Văn T",
        "phone": "09202126596"
    },
    {
        "booking_id": "00020",
        "full_name": "Nguyễn Văn A",
        "phone": "09909598562"
    },
    {
        "booking_id": "00021",
        "full_name": "Trần Thị B",
        "phone": "09849236239"
    },
    {
        "booking_id": "00022",
        "full_name": "Lê Văn C",
        "phone": "09612935507"
    },
    {
        "booking_id": "00023",
        "full_name": "Hoàng Minh D",
        "phone": "09738391677"
    },
    {
        "booking_id": "00024",
        "full_name": "Phạm Văn E",
        "phone": "09202522379"
    },
    {
        "booking_id": "00025",
        "full_name": "Đinh Thị F",
        "phone": "09945714526"
    },
    {
        "booking_id": "00026",
        "full_name": "Ngô Minh G",
        "phone": "09741361645"
    },
    {
        "booking_id": "00027",
        "full_name": "Huỳnh Văn H",
        "phone": "09569292015"
    },
    {
        "booking_id": "00028",
        "full_name": "Trường Thy",
        "phone": "0123456789"
    }
]